field,value,unit,source,notes
core_service.resources,"[2,16];[1,4];[4,32];[4,32]",cores/MB,Table I,"CPU;RAM;GPU;VRAM, paper order"
light_service.resources,"[0.5,2];[0,0.5];[0.25,4];[0,1]",cores/MB,Table I,"CPU;RAM;GPU;VRAM, paper order"
edge_device.resources,"[1,64];[1,32];[0,64];[0,64]",cores/MB,Table I,"CPU;RAM;GPU;VRAM"
edge_server.resources,"[128,256];[64,128];[1024,2048];[256,512]",cores/MB,Table I,"CPU;RAM;GPU;VRAM"
core_service.work_mb,[2,16],MB,Table I,"a_m"
core_service.output_mb,[0.1,1],MB,Table I,"b_m"
core_service.rate_mb_per_ms,[8,32],MB/ms,Table I,"f_m"
core_service.costs,"20.0;4.0;0.0",cost,Table I,"deployment;maintenance;parallel"
light_service.work_mb,[0.5,2],MB,Table I,"a_m"
light_service.output_mb,[0.25,1.5],MB,Table I,"b_m"
light_service.gamma_shape,[1,2],-,Table I,"Gamma shape of processing RATE"
light_service.gamma_scale_mb_per_ms,[1,20],MB/ms,Table I,"Gamma scale of processing RATE"
light_service.costs,"4.0;1.0;0.5",cost,Table I,"deployment;maintenance;parallel"
traffic.arrival_mean_per_ms_per_user_task,[0.15,1.5],1/ms,Table I,"Poisson mean per user-task"
traffic.task_deadline_ms,[50,100],ms,Table I,"D_n end-to-end"
traffic.task_input_mb,[0.5,4],MB,Table I,"A_n"
wireless.nakagami_m,[1.5,3],-,Table I,"gamma_u column, shape"
wireless.nakagami_omega,[0.5,1],-,Table I,"gamma_u column, mean gain"
wired.link_rate_mb_per_ms,[0.1,1],MB/ms,Table I,"w_n"
qos.epsilon,0.2,-,Sec. IV,"violation probability used in the effective-capacity model"
topology.nodes,7 ED + 3 ES,-,"Figure 2",engineering reading of the figure
topology.dag,4 task types,-,"Figure 1",engineering reading of the figure
assumption.wired_propagation_ms,0.0,ms,assumption,"not specified by the paper"
assumption.positions,illustrative,-,assumption,"metric coordinates absent in Figure 2"
assumption.users,1 per ED,-,assumption,"each generates all 4 task types"
assumption.horizon,arrival window + drain,ms,assumption,"paper omits simulation horizon and step"
